name,gender
Suneetha,female
Swarna,female
Padma,female
Varalakshmi,female
Praveen,male
Sreedevi,female
Sujatha,female
Ramesh,male
Rangamma,female
srikanth,male
Naresh,male
Ramana,male
Geetha,female
Kalyani,female
Satyanarayana,male
Manjula,female
Parvathi,female
Lokesh,male
Sridevi,female
mohan,male
Saraswathi,female
Varalakshmi,female
Pavan,male
Kalyani,female
mahesh,male
Durga,female
Bhargavi,female
Gopal,male
ramu,male
vijay,male
Vijay,male
Prasad,male
Rakesh,male
Koteswararao,male
Suresh,male
Baburao,male
Mohan,male
Prabhavathi,female
Ramalakshmi,female
prasad,male
Rangamma,female
Lakshmidevi,female
Rajendra,male
Vijaya,female
Subramanyam,male
rajyalakshmi,female
Sreedevi,female
Balaji,male
Srikanth,male
Rakesh,male
Parvathi,female
Prasad,male
Durga,female
Naveen,male
Nirmala,female
nagaraju,male
Ramanamma,female
Hari,male
babu,male
Anand,male
Vijay,male
savitri,female
Parvathi,female
vasu,male
Sowjanya,female
Usha,female
narayana,male
rajendra,male
Lakshmidevi,female
sravani,female
Manjula,female
Nirmala,female
Kalpana,female
Savitri,female
Nagarjuna,male
sujatha,female
Lakshmidevi,female
Srinivasarao,male
koteswararao,male
Venkata,male
kavitha,female
ramu,male
Ramanamma,female
Radha,female
Kavitha,female
Vasu,male
Nagaraju,male
Mahesh,male
bhavani,female
Bhavani,female
hari,male
Srikanth,male
Vijaya,female
Nagarjuna,male
Rangamma,female
Sujatha,female
Swarna,female
Anjali,female
sridevi,female
Bhavani,female
Sirisha,female
Aadilakshmi,female
parvathi,female
Nagamani,female
Rajendra,male
Geetha,female
bhavani,female
Lakshmi,female
Suneetha,female
Kalpana,female
Ganesh,male
bhagyamma,female
Venkata,male
Jayalakshmi,female
Kalyani,female
Narayana,male
Murali,male
Bhagyamma,female
Pavan,male
Ramu,male
Durga,female
venkatesh,male
Ashok,male
Madhavi,female
ramanamma,female
rama,male
Raj,male
Shiva,male
Kavitha,female
sujatha,female
kalpana,female
Sujatha,female
Narayanamma,female
Vasu,male
Anuradha,female
ramalakshmi,female
varalakshmi,female
Kavitha,female
sailaja,female
ashok,male
Aadilakshmi,female
praveen,male
rajyalakshmi,female
Vijay,male
savitri,female
Ravindra,male
Bhagyamma,female
Srinivas,male
Gopal,male
Anjali,female
Sathyanarayan,male
bhagyamma,female
lavanya,female
Usha,female
nagamani,female
anil,male
manjula,female
Kumar,male
Lakshmi,female
Anusha,female
ramana,male
Lalitha,female
Anand,male
Apparao,male
pavan,male
Venkat,male
Jayalakshmi,female
Rajyalakshmi,female
pavan,male
parvathi,female
Anand,male
Sowjanya,female
Vijaya,female
Ashok,male
usha,female
madhavi,female
Sridhar,male
Varalakshmi,female
Koteswararao,male
anusha,female
Savitri,female
srinivas,male
Venkatesh,male
Suresh,male
prabhavathi,female
Sandeep,male
Bhargavi,female
Ramesh,male
varalakshmi,female
Sailaja,female
Nagamani,female
bhargavi,female
lakshmi,female
Srikanth,male
Padma,female
apparao,male
Madhavi,female
Lakshmi,female
Sandeep,male
murali,male
suresh,male
revathi,female
jayalakshmi,female
anuradha,female
Sailaja,female
Mounika,female
sirisha,female
Rakesh,male
raj,male
nirmala,female
rakesh,male
Lavanya,female
Murali,male
gopal,male
mahesh,male
anjali,female
Bhargavi,female
Ganesh,male
rajesh,male
Murali,male
Anil,male
Koteswararao,male
babu,male
Ravindra,male
kalyani,female
Sathyanarayan,male
Sridevi,female
Srinivasarao,male
Babu,male
Sirisha,female
Sowjanya,female
Sravani,female
ravindra,male
Kalpana,female
rangamma,female
Ramesh,male
Raj,male
durga,female
Mohan,male
nirmala,female
Pavan,male
Satyavathi,female
satyanarayana,male
manjula,female
Padmavathi,female
geetha,female
ramana,male
Rama,male
vijailaxmi,female
Ramalakshmi,female
anuradha,female
Srinivas,male
Lavanya,female
Rajyalakshmi,female
sridevi,female
Narayanamma,female
Sathyanarayan,male
krishna,male
Shiva,male
Mounika,female
sowjanya,female
Chandra,male
venkata,male
praveen,male
vijaya,female
Anil,male
Nirmala,female
sreedevi,female
revathi,female
Ramana,male
Suneetha,female
Rajesh,male
Prasad,male
sreedevi,female
Naresh,male
Gopal,male
Narayanamma,female
Sarojini,female
ramanamma,female
Bhagyamma,female
rajesh,male
Madhavi,female
Anil,male
vijailaxmi,female
Usha,female
Venkatesh,male
Murali,male
vijay,male
Chandra,male
Revathi,female
Mohan,male
Mahesh,male
Vijaya,female
vijaya,female
sailaja,female
Balaji,male
chandra,male
Subramanyam,male
Sridevi,female
narayanamma,female
Sravani,female
Vijailaxmi,female
Satyavathi,female
swarna,female
Vijailaxmi,female
Padmavathi,female
prabhavathi,female
Savitri,female
Srinivasarao,male
Chandra,male
murali,male
Sridhar,male
Narayana,male
baburao,male
suneetha,female
hari,male
ramesh,male
chandra,male
swarna,female
gopal,male
satyavathi,female
suresh,male
Mahesh,male
Nagarjuna,male
Srinivas,male
Raj,male
naresh,male
Lalitha,female
Radha,female
Ramu,male
Sreedevi,female
narayana,male
Lokesh,male
Kavitha,female
sandeep,male
Lavanya,female
srinivasarao,male
rama,male
Praveen,male
balaji,male
nagarjuna,male
Bhargavi,female
rangamma,female
sathyanarayan,male
Lakshmi,female
kalpana,female
Lalitha,female
Nagamani,female
naveen,male
Naveen,male
vasu,male
Sathyanarayan,male
ravindra,male
Jayalakshmi,female
prasad,male
Hari,male
Hari,male
Revathi,female
Lokesh,male
durga,female
Ramanamma,female
ganesh,male
Anusha,female
narayanamma,female
Rama,male
Lokesh,male
suneetha,female
Satyanarayana,male
Shiva,male
Rajendra,male
Padmavathi,female
Revathi,female
sridhar,male
Krishna,male
srinivasarao,male
madhavi,female
Suneetha,female
lakshmidevi,female
Anuradha,female
Praveen,male
Apparao,male
geetha,female
kalyani,female
padma,female
lavanya,female
kumar,male
Ramu,male
Ramana,male
Anjali,female
Parvathi,female
Mounika,female
Ganesh,male
Sailaja,female
lalitha,female
Babu,male
Satyavathi,female
Ravindra,male
Sridevi,female
Bhavani,female
lakshmidevi,female
Durga,female
Prabhavathi,female
sandeep,male
Rangamma,female
sarojini,female
Baburao,male
Swarna,female
Prasad,male
Gopal,male
balaji,male
Balaji,male
Vasu,male
Krishna,male
Geetha,female
shiva,male
Subramanyam,male
raj,male
ashok,male
Rajesh,male
anil,male
ramalakshmi,female
venkatesh,male
Ramalakshmi,female
sravani,female
Ramanamma,female
Madhavi,female
Sujatha,female
nagaraju,male
Sirisha,female
anjali,female
rakesh,male
Venkata,male
Sravani,female
lokesh,male
Anjali,female
Babu,male
jayalakshmi,female
bhargavi,female
Rajyalakshmi,female
lakshmi,female
Sandeep,male
aadilakshmi,female
Pavan,male
padma,female
Sowjanya,female
Kumar,male
Ramalakshmi,female
Sandeep,male
Venkatesh,male
anand,male
venkat,male
Venkatesh,male
sowjanya,female
Baburao,male
Jayalakshmi,female
Sarojini,female
venkata,male
Satyanarayana,male
Savitri,female
apparao,male
Sailaja,female
mounika,female
Radha,female
Balaji,male
Vasu,male
Anuradha,female
Naresh,male
Revathi,female
Aadilakshmi,female
Narayana,male
Vijay,male
Baburao,male
Prabhavathi,female
sathyanarayan,male
Rajyalakshmi,female
Rajesh,male
Vijailaxmi,female
Kalpana,female
Srinivas,male
Kalyani,female
padmavathi,female
saraswathi,female
Mounika,female
Rakesh,male
Anusha,female
Usha,female
Sravani,female
Geetha,female
Kumar,male
Chandra,male
Srikanth,male
Narayanamma,female
Subramanyam,male
naresh,male
radha,female
Koteswararao,male
Rama,male
Ganesh,male
Varalakshmi,female
lalitha,female
Srinivasarao,male
naveen,male
Manjula,female
Nagaraju,male
Naveen,male
anand,male
Sarojini,female
Krishna,male
Ashok,male
Anand,male
Aadilakshmi,female
saraswathi,female
Shiva,male
Bhavani,female
Sarojini,female
Satyavathi,female
Lavanya,female
Nagaraju,male
kumar,male
Nagaraju,male
nagarjuna,male
krishna,male
nagamani,female
Kumar,male
Padmavathi,female
satyanarayana,male
srikanth,male
Nagarjuna,male
Suresh,male
Mahesh,male
Venkat,male
Anuradha,female
sirisha,female
Swarna,female
radha,female
mohan,male
Krishna,male
ramesh,male
Sridhar,male
Rajendra,male
Sirisha,female
Raj,male
Sreedevi,female
Lalitha,female
Nirmala,female
satyavathi,female
Bhagyamma,female
sridhar,male
Naveen,male
Satyanarayana,male
Hari,male
ganesh,male
Saraswathi,female
baburao,male
Praveen,male
Sridhar,male
Naresh,male
aadilakshmi,female
Radha,female
sarojini,female
Anil,male
shiva,male
Ravindra,male
Babu,male
lokesh,male
Venkat,male
Venkat,male
Saraswathi,female
Mohan,male
Apparao,male
anusha,female
Manjula,female
Narayana,male
padmavathi,female
mounika,female
Ramesh,male
Ashok,male
Vijailaxmi,female
Suresh,male
Padma,female
Saraswathi,female
Venkata,male
usha,female
koteswararao,male
Anusha,female
srinivas,male
Apparao,male
venkat,male
Rama,male
Ramana,male
Lakshmidevi,female
rajendra,male
kavitha,female
Nagamani,female
Prabhavathi,female
Ramu,male
subramanyam,male
Rajesh,male
subramanyam,male
Padma,female
